Code Composante,Libellé Type de Diplôme,Code
901,Capacite,Capacite
901,Diplome Universitaire,DU
901,Licence,L
901,Master,M
901,Preparation du CRFPA à l'institut d'Etudes Judiciaires,PrepaIEJ
902,Diplome Universitaire,DU
902,Licence,L
902,Master,M
903,Ingenieur,ING
903,Licence,L
903,Master,M
904,Bachelor Universitaire de Technologie,BUT
904,Diplome Universitaire,DU
904,Licence Professionnelle,LPro
905,Bachelor Universitaire de Technologie,BUT
905,Diplome Universitaire,DU
905,Licence Professionnelle,LPro
906,Capacite,Capacite
906,Diplôme d'état,DE
906,Diplôme d'Etudes Spécialisées,DES
906,Diplôme d'Etudes Spécialisées Complémentaires,DESC
906,Diplôme d'Etudes Universitaires Scientifiques et Techniques,DEUST
906,Diplôme de Formation Approfondie en Sciences Médicales,DFASM
906,Diplôme de Formation Générale en Sciences Médicales,DFGSM
906,Diplôme de Formation Médicale Spécialisée,DFMS
906,Diplôme de Formation Médicale Spécialisée Approfondie,DFMSA
906,Diplome Universitaire,DU
906,Licence,L
906,Licence acces sante,LAS
906,Master,M
906,PASS,PASS
909,Licence,L
909,Master,M
910,Diplome Universitaire,DU
910,Licence,L
910,Master,M
925,Bachelor Universitaire de Technologie,BUT
925,Licence Professionnelle,LPro
925,Diplôme d'état,DE
ALR,Diplome Universitaire,DU
